[
{
    "model": "auth.user",
    "pk": 1,
    "fields": {
        "password": "pbkdf2_sha256$1000000$d6WhLuPK9mzlf8xRL6Dl1F$uw9Fs20+ryL4+9Rg6bLbLTTVVoebEVthg4DtJARhtFY=",
        "last_login": "2026-06-23T12:22:18.627Z",
        "is_superuser": true,
        "username": "niko",
        "first_name": "",
        "last_name": "",
        "email": "niko@gmail.com",
        "is_staff": true,
        "is_active": true,
        "date_joined": "2026-04-06T13:20:54.399Z",
        "groups": [],
        "user_permissions": []
    }
},
{
    "model": "sessions.session",
    "pk": "133v9jp47olzwwkp4tpg0atd7xirtu3h",
    "fields": {
        "session_data": ".eJxVjDsOwjAQBe_iGllaf2NKes5grb1rHECOFCdVxN1JpBTQzsx7m4i4LjWunec4krgKEJdfljC_uB2Cntgek8xTW-YxySORp-3yPhG_b2f7d1Cx1309uMIhgHIa2HLIRhsz6GKyR1eM9UQFtGZFaC1kxSo49AmYeMeJjPh8AdR_N9w:1w9jtY:4b47gxRrlEetAXra_tIbNfq5tcr3A8lBNUB6BRnTYp4",
        "expire_date": "2026-04-20T13:21:36.333Z"
    }
},
{
    "model": "sessions.session",
    "pk": "3g72pv8xs5ysakvgsn5ut9lua3fe5a6z",
    "fields": {
        "session_data": "e30:1weBuQ:wYpXkGIGKEZ47yyTiwfGF7XjBOx-L7GGsUstEmJ6EX0",
        "expire_date": "2026-07-13T13:20:22.290Z"
    }
},
{
    "model": "sessions.session",
    "pk": "41ls3zzhvlww7cvpac7dveyeglh2nhq3",
    "fields": {
        "session_data": ".eJxVjMsOwiAQRf-FtSEM0AIu3fsNzTAzSNXQpI-V8d-1SRe6veec-1IDbmsdtkXmYWR1VqBOv1tGekjbAd-x3SZNU1vnMetd0Qdd9HVieV4O9--g4lK_tSQTk-TiwBgJfSTrMDjTo_PFEwGw2ECEHTuBEnyXikcIEDufLENW7w_cwTeb:1wNw2K:c-hwuXE8bzu4G-x8wLps2Nh-ZrSGSR7Z01ATiH_uGA8",
        "expire_date": "2026-05-29T17:09:20.213Z"
    }
},
{
    "model": "sessions.session",
    "pk": "dvq0qbqbn8g2iv6y95t9jatslycyq7bt",
    "fields": {
        "session_data": "e30:1weC5X:UnvGwhSepter_Wsy1SlxxIt9fxSIQImHPvTX3Z5SEj4",
        "expire_date": "2026-07-13T13:31:51.379Z"
    }
},
{
    "model": "sessions.session",
    "pk": "ehazxxq2vfac8c9y9cg4qeye43p523m2",
    "fields": {
        "session_data": "e30:1wU2SM:FpAUifvXKXPld-dUaHRnCPE5JmeAx2ePv0R39JWosao",
        "expire_date": "2026-06-15T13:13:26.451Z"
    }
},
{
    "model": "sessions.session",
    "pk": "hghrikhfrescrvzxyfuztail4ge8pt6d",
    "fields": {
        "session_data": "e30:1wOwyf:YicXMlxiVlaI3xdQy88kG_P40ckJn2BhkKUheGXPjaE",
        "expire_date": "2026-06-01T12:21:45.932Z"
    }
},
{
    "model": "sessions.session",
    "pk": "hiz2x6c3m0o0sysib3lynunrsdgdr08z",
    "fields": {
        "session_data": ".eJxVjMsOwiAQRf-FtSHlUWRcuvcbyAwDUjWQlHZl_HfbpAvd3nPOfYuA61LC2tMcJhYXocTpdyOMz1R3wA-s9yZjq8s8kdwVedAub43T63q4fwcFe9lqhBE5ZQdxiAOSQjuSyoa8AWRtISJ7pSChhbMxSjvYDJOZknaafBafLwEhOFo:1wc08w:FMPrhLw1SChiJMj1SiHbwTTdxk0JoMAI1xhzyX492UM",
        "expire_date": "2026-07-07T12:22:18.630Z"
    }
},
{
    "model": "sessions.session",
    "pk": "mi6ouospdmmc0rnszaoebjp75tn64v7r",
    "fields": {
        "session_data": "e30:1wOwyg:hzJ1MEUmZ-M9vKQb-ONEr_tgvB16Skhoh6KNni225ak",
        "expire_date": "2026-06-01T12:21:46.125Z"
    }
},
{
    "model": "sessions.session",
    "pk": "n9o5a6gy10yahzvzjov5bpl72jh2oac4",
    "fields": {
        "session_data": "e30:1wWZ6v:A-_AwBhUeWHG0nuGD0O11yIheTv_3V_zilb4BMoXjSc",
        "expire_date": "2026-06-22T12:29:45.615Z"
    }
},
{
    "model": "sessions.session",
    "pk": "p8c9o6n03ky0kl2ihhi9u0k5wuzl715v",
    "fields": {
        "session_data": ".eJxVjDsOwjAQBe_iGln2Ov5R0nMGa9cfHEC2FCcV4u4QKQW0b2beiwXc1hq2kZcwJ3Zmkp1-N8L4yG0H6Y7t1nnsbV1m4rvCDzr4taf8vBzu30HFUb-1UDAJC8JMkSCChILWg3MmOgSZjcnocyFyiKXoZH0iVaxT1kavtQP2_gDMDzez:1wHKxO:WBo9E0an9gFQ_iKs84o7eiBCaScp8ITqm_QuDYEyUnE",
        "expire_date": "2026-05-11T12:20:58.320Z"
    }
},
{
    "model": "sessions.session",
    "pk": "qpwpw82cvg1ky6p6hfi044y42v71h5hc",
    "fields": {
        "session_data": "e30:1wWZ8E:FH7m7dM_DC7bjRFsCmlEz-TH5gIPZik8vJhoUQulwDM",
        "expire_date": "2026-06-22T12:31:06.324Z"
    }
},
{
    "model": "sessions.session",
    "pk": "s52hzdpxhtmqvzokng5e0ub0m48oazz1",
    "fields": {
        "session_data": "e30:1weBu9:Dmg2R97VIBwa4bheV3OT4D2n-NaPI88D6MqCPmUgIGI",
        "expire_date": "2026-07-13T13:20:05.387Z"
    }
},
{
    "model": "sessions.session",
    "pk": "sg8wdgfgysob5p924jqbn7315us7htjt",
    "fields": {
        "session_data": "e30:1wU2SS:_maOu2WGMMw_vzqTvlaTjDwa3rLG5TkWRxIyy9lgCbw",
        "expire_date": "2026-06-15T13:13:32.305Z"
    }
},
{
    "model": "sessions.session",
    "pk": "thlvxewo9b55f3fe8fqd0r26wh8fthla",
    "fields": {
        "session_data": "e30:1weBuG:fc4ojfX_V7dkYBvCp1O5tG9t5_97-lDsKIUe4FK9WOY",
        "expire_date": "2026-07-13T13:20:12.271Z"
    }
},
{
    "model": "sessions.session",
    "pk": "ucf3qxx0nw4kdustwrwalxv9jcxzchsk",
    "fields": {
        "session_data": "e30:1wbztM:QejPY2n_GpdVn6q3hddm4CzRMHCTScQ3iM0bVVvNnJg",
        "expire_date": "2026-07-07T12:06:12.773Z"
    }
},
{
    "model": "sessions.session",
    "pk": "v5toeokv8tu7m5i8ebgrq4xsi5ob3yxy",
    "fields": {
        "session_data": "e30:1wbztQ:TIfvtxJlZzzex5B4iIFwdaZxVjAvBG9sMoKvOI3emuQ",
        "expire_date": "2026-07-07T12:06:16.776Z"
    }
},
{
    "model": "core.color",
    "pk": 1,
    "fields": {
        "name": "Chocolate",
        "hex": "#74594F"
    }
},
{
    "model": "core.color",
    "pk": 2,
    "fields": {
        "name": "Sand Yellow",
        "hex": "#C89050"
    }
},
{
    "model": "core.color",
    "pk": 3,
    "fields": {
        "name": "Wonder White",
        "hex": "#CEC1B2"
    }
},
{
    "model": "core.color",
    "pk": 4,
    "fields": {
        "name": "Off White",
        "hex": "#C8C2C3"
    }
},
{
    "model": "core.color",
    "pk": 5,
    "fields": {
        "name": "Maroon",
        "hex": "#532336"
    }
},
{
    "model": "core.color",
    "pk": 6,
    "fields": {
        "name": "Cream White",
        "hex": "#D7CFBB"
    }
},
{
    "model": "core.color",
    "pk": 7,
    "fields": {
        "name": "Light Black",
        "hex": "#302C29"
    }
},
{
    "model": "core.color",
    "pk": 8,
    "fields": {
        "name": "Magic Beige",
        "hex": "#CB9F7E"
    }
},
{
    "model": "core.color",
    "pk": 9,
    "fields": {
        "name": "Cloud White",
        "hex": "#E6E8EF"
    }
},
{
    "model": "core.color",
    "pk": 10,
    "fields": {
        "name": "Core Black",
        "hex": "#1F2228"
    }
},
{
    "model": "core.color",
    "pk": 11,
    "fields": {
        "name": "Brown",
        "hex": "#4D4545"
    }
},
{
    "model": "core.color",
    "pk": 12,
    "fields": {
        "name": "Preloved Brown",
        "hex": "#6E4333"
    }
},
{
    "model": "core.color",
    "pk": 13,
    "fields": {
        "name": "Clay",
        "hex": "#898373"
    }
},
{
    "model": "core.color",
    "pk": 14,
    "fields": {
        "name": "Team Victory Red",
        "hex": "#7A1226"
    }
},
{
    "model": "core.color",
    "pk": 15,
    "fields": {
        "name": "Stone Khaki",
        "hex": "#B6A28D"
    }
},
{
    "model": "core.color",
    "pk": 16,
    "fields": {
        "name": "Blue",
        "hex": "#2B56A3"
    }
},
{
    "model": "core.color",
    "pk": 17,
    "fields": {
        "name": "Collegiate Green",
        "hex": "#22463E"
    }
},
{
    "model": "core.color",
    "pk": 18,
    "fields": {
        "name": "Earth Strata",
        "hex": "#695550"
    }
},
{
    "model": "core.color",
    "pk": 19,
    "fields": {
        "name": "Glory Grey",
        "hex": "#A49FA7"
    }
},
{
    "model": "core.color",
    "pk": 20,
    "fields": {
        "name": "Cardboard",
        "hex": "#CAC5BA"
    }
},
{
    "model": "core.color",
    "pk": 21,
    "fields": {
        "name": "Shadow Red",
        "hex": "#653339"
    }
},
{
    "model": "core.color",
    "pk": 22,
    "fields": {
        "name": "Lucid Pink",
        "hex": "#009B45"
    }
},
{
    "model": "core.color",
    "pk": 23,
    "fields": {
        "name": "Team Solar Yellow 2",
        "hex": "#C6D038"
    }
},
{
    "model": "core.color",
    "pk": 24,
    "fields": {
        "name": "Lucid Ray Blue",
        "hex": "#2BA6D7"
    }
},
{
    "model": "core.color",
    "pk": 25,
    "fields": {
        "name": "Aurora Plum",
        "hex": "#3F3549"
    }
},
{
    "model": "core.color",
    "pk": 26,
    "fields": {
        "name": "Grey Two",
        "hex": "#979499"
    }
},
{
    "model": "core.color",
    "pk": 27,
    "fields": {
        "name": "Light Solid Grey",
        "hex": "#BEBBC0"
    }
},
{
    "model": "core.color",
    "pk": 28,
    "fields": {
        "name": "Light red",
        "hex": "#D73C2A"
    }
},
{
    "model": "core.color",
    "pk": 29,
    "fields": {
        "name": "Soft Powder",
        "hex": "#C7A194"
    }
},
{
    "model": "core.size",
    "pk": 1,
    "fields": {
        "name": "35.5"
    }
},
{
    "model": "core.size",
    "pk": 2,
    "fields": {
        "name": "36"
    }
},
{
    "model": "core.size",
    "pk": 3,
    "fields": {
        "name": "36.5"
    }
},
{
    "model": "core.size",
    "pk": 4,
    "fields": {
        "name": "37"
    }
},
{
    "model": "core.size",
    "pk": 5,
    "fields": {
        "name": "37.5"
    }
},
{
    "model": "core.size",
    "pk": 6,
    "fields": {
        "name": "38"
    }
},
{
    "model": "core.size",
    "pk": 7,
    "fields": {
        "name": "38.5"
    }
},
{
    "model": "core.size",
    "pk": 8,
    "fields": {
        "name": "39"
    }
},
{
    "model": "core.size",
    "pk": 9,
    "fields": {
        "name": "39.5"
    }
},
{
    "model": "core.size",
    "pk": 10,
    "fields": {
        "name": "40"
    }
},
{
    "model": "core.size",
    "pk": 11,
    "fields": {
        "name": "40.5"
    }
},
{
    "model": "core.size",
    "pk": 12,
    "fields": {
        "name": "41"
    }
},
{
    "model": "core.size",
    "pk": 13,
    "fields": {
        "name": "41.5"
    }
},
{
    "model": "core.size",
    "pk": 14,
    "fields": {
        "name": "42"
    }
},
{
    "model": "core.size",
    "pk": 15,
    "fields": {
        "name": "42.5"
    }
},
{
    "model": "core.size",
    "pk": 16,
    "fields": {
        "name": "43"
    }
},
{
    "model": "core.size",
    "pk": 17,
    "fields": {
        "name": "43.5"
    }
},
{
    "model": "core.size",
    "pk": 18,
    "fields": {
        "name": "44"
    }
},
{
    "model": "core.size",
    "pk": 19,
    "fields": {
        "name": "44.5"
    }
},
{
    "model": "core.size",
    "pk": 20,
    "fields": {
        "name": "45"
    }
},
{
    "model": "core.size",
    "pk": 21,
    "fields": {
        "name": "45.5"
    }
},
{
    "model": "core.size",
    "pk": 22,
    "fields": {
        "name": "46"
    }
},
{
    "model": "core.size",
    "pk": 23,
    "fields": {
        "name": "46.5"
    }
},
{
    "model": "core.size",
    "pk": 24,
    "fields": {
        "name": "47"
    }
},
{
    "model": "core.size",
    "pk": 25,
    "fields": {
        "name": "47.5"
    }
},
{
    "model": "core.size",
    "pk": 26,
    "fields": {
        "name": "48"
    }
},
{
    "model": "core.size",
    "pk": 27,
    "fields": {
        "name": "48.5"
    }
},
{
    "model": "core.size",
    "pk": 28,
    "fields": {
        "name": "49"
    }
},
{
    "model": "core.size",
    "pk": 29,
    "fields": {
        "name": "49.5"
    }
},
{
    "model": "core.product",
    "pk": 1,
    "fields": {
        "name": "Leopard Handball Spezial",
        "description": "The Leopard Print Handball Spezial Shoes are more than just footwear – they’re classics that have stood the test of time. Originally launched in 1979 as a pro indoor handball model, they’ve evolved into a streetwear staple, worn by generations who appreciate clean lines and streamlined style. This season brings fresh archive-inspired colours that brighten up cooler days while staying true to their roots.\r\n\r\nCrafted from soft suede and with statement 3-Stripes, suede stripes, they offer a premium look and feel. A rubber outsole provides reliable grip, while the sleek low profile design is versatile enough to add a pop of sporty style to numerous looks.\r\n\r\nFinished with gold-foil Spezial branding and the signature Trefoil tongue logo, these updated classic trainers shoes celebrate adidas Originals’ enduring legacy. Lace up these iconic shoes and feel the difference adidas can bring to your day.",
        "image": "products/Leopard_Print_Handball_Spezial_Shoes_Beige_KI6678_01_00_standard.avif",
        "price": "120.00",
        "sale_price": null,
        "is_active": true,
        "created_at": "2026-04-13T12:44:20.693Z",
        "colors": [
            2,
            3,
            4,
            5,
            6,
            7,
            8,
            9,
            10,
            13,
            17,
            18
        ],
        "sizes": [
            1,
            2,
            3,
            4,
            5,
            6,
            7,
            8,
            9,
            10,
            11,
            12,
            13,
            14,
            15,
            16,
            17,
            18,
            19,
            20,
            21,
            22,
            23,
            24,
            25,
            26,
            27,
            28,
            29
        ]
    }
},
{
    "model": "core.product",
    "pk": 2,
    "fields": {
        "name": "Handball Spezial Shoes",
        "description": "Classic yet fresh. The adidas Originals Handball Spezial shoes bring a legendary indoor model to the streets. Originally made for handball courts in 1979, these shoes transition effortlessly to casual style. A smooth suede and leather upper provides premium comfort. Iconic details like the Spezial tongue logo and metallic signature along the side pay homage to an earlier era. Underneath, a rubber outsole offers durable traction. Pair these shoes with everything from jeans to track pants for a look that's sporty and chic.Classic yet fresh. The adidas Originals Handball Spezial shoes bring a legendary indoor model to the streets. Originally made for handball courts in 1979, these shoes transition effortlessly to casual style. A smooth suede and leather upper provides premium comfort. Iconic details like the Spezial tongue logo and metallic signature along the side pay homage to an earlier era. Underneath, a rubber outsole offers durable traction. Pair these shoes with everything from jeans to track pants for a look that's sporty and chic.",
        "image": "products/Leopard_Print_Handball_Spezial_Shoes_Beige_KI6678_01_00_standard_FcC6ou5.avif",
        "price": "120.00",
        "sale_price": null,
        "is_active": true,
        "created_at": "2026-04-13T12:45:17.516Z",
        "colors": [
            1,
            2,
            5,
            17,
            20,
            24,
            25,
            26,
            27,
            28,
            29
        ],
        "sizes": [
            1,
            2,
            3,
            4,
            5,
            6,
            7,
            8,
            9,
            10,
            11,
            12,
            13,
            14,
            15,
            16,
            17,
            18,
            19,
            20,
            21,
            22,
            23,
            24,
            25,
            26,
            27,
            28,
            29
        ]
    }
},
{
    "model": "core.product",
    "pk": 3,
    "fields": {
        "name": "Samba OG Shoes",
        "description": "The adidas Samba OG shoes have kicked their way from the '50s to now, from football pitches to the street. This version stays true to the original design, but with a fresh twist. The smooth leather upper is finished with a soft textile tongue and a flag label. The signature suede T-toe and smooth leather quarter panel give the shoes a classic look and feel, and the rubber outsole keeps you grounded.",
        "image": "products/Samba_OG_Shoes_White_JS3830_01_00_standard.avif",
        "price": "120.00",
        "sale_price": null,
        "is_active": true,
        "created_at": "2026-04-13T12:54:35.489Z",
        "colors": [
            1,
            2,
            4,
            6,
            8,
            10,
            12,
            13,
            14,
            16,
            17,
            20
        ],
        "sizes": [
            1,
            2,
            3,
            4,
            5,
            6,
            7,
            8,
            9,
            10,
            11,
            12,
            13,
            14,
            15,
            16,
            17,
            18,
            19,
            20,
            21,
            22,
            23,
            24,
            25,
            26,
            27,
            28,
            29
        ]
    }
},
{
    "model": "core.product",
    "pk": 4,
    "fields": {
        "name": "F50 ELITE Laceless",
        "description": "When it comes to speed, the F50 Elite Laceless Firm Ground Football Boots are your ally. Designed for those who dare to push their limits, they are engineered to deliver game-changing performance.\r\n\r\nThe laceless Primeknit collar offers a versatile and dynamic fit that moulds to your foot, while the Fibertouch upper provides support and cushioning where you need it, allowing you to move with agility. The Sprintweb high-definition 3D texture is crafted for effective ball contact, especially when dribbling at high speeds, giving you an edge over your opponents.\r\n\r\nThe Sprintframe 360 outsole with anatomically designed coring structure and external heel counter delivers acceleration and speed. Developed for use on firm ground, offering reliable traction as you move around. Featuring midfoot stiffening and a combination of bladed and semi-conical studs for acceleration and speed.\r\n\r\nEnter the pitch with confidence and unleash your potential with these football boots from adidas adorned with iconic branding.",
        "image": "",
        "price": "270.00",
        "sale_price": null,
        "is_active": true,
        "created_at": "2026-04-13T12:58:23.852Z",
        "colors": [
            14,
            15,
            17,
            19,
            21,
            24,
            25,
            27
        ],
        "sizes": [
            1,
            2,
            3,
            4,
            5,
            6,
            7,
            8,
            9,
            10,
            11,
            12,
            13,
            14,
            15,
            16,
            17,
            18,
            19,
            20,
            21,
            22,
            23,
            24,
            25,
            26,
            27,
            28,
            29
        ]
    }
},
{
    "model": "core.product",
    "pk": 5,
    "fields": {
        "name": "Terrex Anylander Hiking Shoes",
        "description": "From short forest walks to extended day hikes, these adidas Terrex hiking shoes offer support and comfort across a range of trails. From the easy-wearing feel of a low-cut fit to plush midsole cushioning, these shoes blend a lightweight feel with maximum comfort. A lugged Traxion outsole provides grip in all directions so you feel confident in your footing.\r\n\r\nBy choosing recycled, we are able to reuse materials that have already been created, which helps to reduce waste. Renewable materials choices will help us to remove our reliance on finite resources. Our products made with a blend of recycled and renewable materials feature at least 20% total of these materials.",
        "image": "",
        "price": "75.00",
        "sale_price": "48.75",
        "is_active": true,
        "created_at": "2026-04-13T13:00:25.218Z",
        "colors": [
            4,
            5,
            6,
            7,
            11,
            13,
            15,
            16,
            17,
            19,
            20,
            23
        ],
        "sizes": [
            1,
            2,
            3,
            4,
            5,
            6,
            7,
            8,
            9,
            10,
            11,
            12,
            13,
            14,
            15,
            16,
            17,
            18,
            19,
            20,
            21,
            22,
            23,
            24,
            25,
            26,
            27,
            28,
            29
        ]
    }
},
{
    "model": "core.product",
    "pk": 6,
    "fields": {
        "name": "by Stella McCartney DROPSET 4",
        "description": "The adidas by Stella McCartney Dropset 4 Training Shoe is designed for functional strength training and everyday wear. The stiff heel and plush forefoot provide a grounded yet energised feel, whether on a short run or during an intense workout.\r\n\r\nFeaturing adidas Repetitor technology, the shoes provides a consistent level of energy return and stability to help you go for the long haul. The rubber outsole helps provide grip, while the sidewall adds midfoot support.\r\n\r\nAdjustable laces provide a personalised fit, allowing you to feel comfortable and focused on achieving your goals. The airflow window and layered mesh upper help keep your feet feeling fresh, even as you push through tough sessions.\r\n\r\nPacked with our advanced technology, these shoes are ready for you. Enjoy the aesthetic of the Stella McCartney collection, where strength and performance meets style.",
        "image": "",
        "price": "180.00",
        "sale_price": null,
        "is_active": true,
        "created_at": "2026-04-13T13:02:58.538Z",
        "colors": [
            3,
            5,
            6,
            8,
            12,
            15,
            18,
            21,
            22,
            23,
            24,
            25
        ],
        "sizes": [
            1,
            2,
            3,
            4,
            5,
            6,
            7,
            8,
            9,
            10,
            11,
            12,
            13,
            14,
            15,
            16,
            17,
            18,
            19,
            20,
            21,
            22,
            23,
            24,
            25,
            26,
            27,
            28,
            29
        ]
    }
},
{
    "model": "core.productimage",
    "pk": 1,
    "fields": {
        "product": 6,
        "image": "products/adidas_by_Stella_McCartney_DROPSET_4_Trainingsschuh_Weiss_KJ6182_HM1.avif",
        "is_main": true
    }
},
{
    "model": "core.productimage",
    "pk": 2,
    "fields": {
        "product": 6,
        "image": "products/adidas_by_Stella_McCartney_DROPSET_4_Trainingsschuh_Weiss_KJ6182_HM3_hover_2.avif",
        "is_main": false
    }
},
{
    "model": "core.productimage",
    "pk": 3,
    "fields": {
        "product": 6,
        "image": "products/adidas_by_Stella_McCartney_DROPSET_4_Trainingsschuh_Weiss_KJ6182_HM5_3.avif",
        "is_main": false
    }
},
{
    "model": "core.productimage",
    "pk": 4,
    "fields": {
        "product": 5,
        "image": "products/Terrex_Anylander_Mid_Rain.Rdy_Wanderschuh_Grau_JR6593_HM1.avif",
        "is_main": false
    }
},
{
    "model": "core.productimage",
    "pk": 5,
    "fields": {
        "product": 5,
        "image": "products/Terrex_Anylander_Mid_Rain.Rdy_Wanderschuh_Grau_JR6593_HM82.avif",
        "is_main": false
    }
},
{
    "model": "core.productimage",
    "pk": 6,
    "fields": {
        "product": 5,
        "image": "products/Terrex_Anylander_Mid_Rain.Rdy_Wanderschuh_Grau_JR6593_HM1_1_1.avif",
        "is_main": true
    }
},
{
    "model": "core.productimage",
    "pk": 7,
    "fields": {
        "product": 4,
        "image": "products/F50_Elite_Laceless_Firm_Ground_Boots_Lila_JH7628_HM1_1.avif",
        "is_main": false
    }
},
{
    "model": "core.productimage",
    "pk": 8,
    "fields": {
        "product": 4,
        "image": "products/F50_Elite_Laceless_Firm_Ground_Boots_Lila_JH7628_HM3_hover_2.avif",
        "is_main": false
    }
},
{
    "model": "core.productimage",
    "pk": 9,
    "fields": {
        "product": 4,
        "image": "products/F50_Elite_Laceless_Firm_Ground_Boots_Lila_JH7628_HM9_3.avif",
        "is_main": false
    }
},
{
    "model": "core.productimage",
    "pk": 10,
    "fields": {
        "product": 3,
        "image": "products/Samba_OG_Shoes_White_JS3830_01_00_standard_p9DaafP.avif",
        "is_main": false
    }
},
{
    "model": "core.productimage",
    "pk": 11,
    "fields": {
        "product": 3,
        "image": "products/Samba_OG_Schuh_Weiss_B75806_03_standard_2.avif",
        "is_main": false
    }
},
{
    "model": "core.productimage",
    "pk": 12,
    "fields": {
        "product": 3,
        "image": "products/Samba_OG_Schuh_Weiss_B75806_06_standard3.avif",
        "is_main": false
    }
},
{
    "model": "core.productimage",
    "pk": 13,
    "fields": {
        "product": 2,
        "image": "products/Handball_Spezial_Schuh_Braun_IF6490_01_00_standard1.avif",
        "is_main": true
    }
},
{
    "model": "core.productimage",
    "pk": 14,
    "fields": {
        "product": 2,
        "image": "products/Handball_Spezial_Schuh_Braun_IF6490_03_standard.2avif.avif",
        "is_main": false
    }
},
{
    "model": "core.productimage",
    "pk": 15,
    "fields": {
        "product": 2,
        "image": "products/Handball_Spezial_Schuh_Braun_IF6490_06_standard3.avif",
        "is_main": false
    }
},
{
    "model": "core.productimage",
    "pk": 16,
    "fields": {
        "product": 1,
        "image": "products/Handball_Spezial_Schuh_Leopardenprint_Beige_KI6678_01_00_standard_h1CB5KZ.avif",
        "is_main": false
    }
},
{
    "model": "core.productimage",
    "pk": 17,
    "fields": {
        "product": 1,
        "image": "products/Handball_Spezial_Schuh_Leopardenprint_Beige_KI6678_03_standard_2_kHbJCJ5.avif",
        "is_main": false
    }
},
{
    "model": "core.productimage",
    "pk": 18,
    "fields": {
        "product": 1,
        "image": "products/Handball_Spezial_Schuh_Leopardenprint_Beige_KI6678_06_standard3_c9vZ5P9.avif",
        "is_main": false
    }
},
{
    "model": "core.cart",
    "pk": 1,
    "fields": {
        "session_key": "hghrikhfrescrvzxyfuztail4ge8pt6d",
        "created_at": "2026-05-18T12:21:45.897Z"
    }
},
{
    "model": "core.cart",
    "pk": 2,
    "fields": {
        "session_key": "mi6ouospdmmc0rnszaoebjp75tn64v7r",
        "created_at": "2026-05-18T12:21:46.062Z"
    }
},
{
    "model": "core.cart",
    "pk": 3,
    "fields": {
        "session_key": "ehazxxq2vfac8c9y9cg4qeye43p523m2",
        "created_at": "2026-06-01T13:13:26.439Z"
    }
},
{
    "model": "core.cart",
    "pk": 4,
    "fields": {
        "session_key": "sg8wdgfgysob5p924jqbn7315us7htjt",
        "created_at": "2026-06-01T13:13:32.298Z"
    }
},
{
    "model": "core.cart",
    "pk": 5,
    "fields": {
        "session_key": "n9o5a6gy10yahzvzjov5bpl72jh2oac4",
        "created_at": "2026-06-08T12:29:45.611Z"
    }
},
{
    "model": "core.cart",
    "pk": 6,
    "fields": {
        "session_key": "qpwpw82cvg1ky6p6hfi044y42v71h5hc",
        "created_at": "2026-06-08T12:31:06.321Z"
    }
},
{
    "model": "core.cart",
    "pk": 7,
    "fields": {
        "session_key": "ucf3qxx0nw4kdustwrwalxv9jcxzchsk",
        "created_at": "2026-06-23T12:06:12.770Z"
    }
},
{
    "model": "core.cart",
    "pk": 8,
    "fields": {
        "session_key": "v5toeokv8tu7m5i8ebgrq4xsi5ob3yxy",
        "created_at": "2026-06-23T12:06:16.773Z"
    }
},
{
    "model": "core.cart",
    "pk": 9,
    "fields": {
        "session_key": "s52hzdpxhtmqvzokng5e0ub0m48oazz1",
        "created_at": "2026-06-29T13:20:05.379Z"
    }
},
{
    "model": "core.cart",
    "pk": 10,
    "fields": {
        "session_key": "thlvxewo9b55f3fe8fqd0r26wh8fthla",
        "created_at": "2026-06-29T13:20:12.247Z"
    }
},
{
    "model": "core.cart",
    "pk": 11,
    "fields": {
        "session_key": "3g72pv8xs5ysakvgsn5ut9lua3fe5a6z",
        "created_at": "2026-06-29T13:20:22.282Z"
    }
},
{
    "model": "core.cart",
    "pk": 12,
    "fields": {
        "session_key": "dvq0qbqbn8g2iv6y95t9jatslycyq7bt",
        "created_at": "2026-06-29T13:31:51.359Z"
    }
},
{
    "model": "core.cartitem",
    "pk": 1,
    "fields": {
        "cart": 4,
        "product": 3,
        "quantity": 1
    }
},
{
    "model": "core.cartitem",
    "pk": 2,
    "fields": {
        "cart": 5,
        "product": 2,
        "quantity": 1
    }
},
{
    "model": "core.cartitem",
    "pk": 3,
    "fields": {
        "cart": 11,
        "product": 2,
        "quantity": 1
    }
}
]
